"","epi_state","FDCA_Flux1","FDCA_Flux2","FDCA_Flux3","FDCA_Flux4","FDCA_Flux5"
"AATCACGAGATACCAA-1","Normal_Epithelial",0.16973200530919,0.0351761273815195,-0.30555010486489,-0.326635758895912,-0.10767887574057
"AATCACGAGCTCTGTA-1","Tumor_Epithelial",0.100800331270957,-0.0670193513849338,-0.557889365998921,0.376730182404125,-0.303694930733068
"AATCACGCAATTAGGA-1","Tumor_Epithelial",0.296943338817024,-0.17843858374905,-0.37531506947415,-0.0405147866484394,-0.407189552140902
"AATCACGTCATTTGGG-1","Tumor_Epithelial",0.0533087294764725,-0.0514988053032762,-0.262690385395907,-0.217147588814681,-0.564906535062089
"AATCACGTCGCCTTGT-1","Tumor_Epithelial",0.0614070404263454,-0.0653936821534962,0.0818554939906506,0.293839392863914,-0.323216924716119
"ACAGAAACAATTAGGA-1","Normal_Epithelial",-0.0483885018638128,-0.240532673607039,-0.117248538573526,-0.163654920712338,-0.174306311070099
"ACAGAAACACTACGGC-1","Tumor_Epithelial",-0.0394656305171239,-0.0516517093699692,-0.633318143433315,0.068379323262588,0.0389650789126508
"ACAGAAACATGAAGGC-1","Normal_Epithelial",-0.223413470622106,-0.31313756261901,-0.439889734218095,0.10439249847714,-0.0852207184703715
"ACAGAAAGTAATGCTC-1","Tumor_Epithelial",0.187732517605064,0.21059563303466,-0.0408380201617813,0.0178568098487839,-0.833013757951508
"ACAGAAAGTAGGTTTC-1","Normal_Epithelial",-0.353535614601179,-0.203937029689273,-0.23916416138962,-0.501859660128271,-1.01879256448224
"ACAGAAATCCAACTAG-1","Tumor_Epithelial",0.168584504751508,-0.0227662306492257,-0.477769835998841,0.15244151372411,-0.310097103994102
"ACAGAAATCCTGCTAC-1","Normal_Epithelial",-0.0704431734297373,0.0359494671018054,-0.327205809070462,0.0845841710262449,-0.0801276659727117
"ACCCTTGAGGCGTTAG-1","Normal_Epithelial",-0.0317764594997385,-0.131640618964416,-0.291380312306827,-0.0892552811373155,-0.173625372440469
"ACCCTTGGTAGAATGT-1","Normal_Epithelial",-0.131051296440441,0.0922283105013594,-0.426951995003334,-0.231424131603329,-0.571288466506464
"ACCCTTGGTATGCGTT-1","Tumor_Epithelial",0.774413137047001,0.422664348449724,0.736083083924702,0.100782931636517,-0.247410551775801
"ACCCTTGTCACAAGAA-1","Normal_Epithelial",0.169426039743648,-0.135409691583652,-0.383383902404714,-0.111693807529825,0.597652778852733
"ACGTCCTAGCTCTGTA-1","Normal_Epithelial",0.114884930420039,-0.0230567115887222,0.00714223434265704,0.0844074438771492,0.0733036377553371
"ACGTCCTGTATGCGTT-1","Tumor_Epithelial",0.26348644295295,0.156899911242864,-0.541270564348304,0.365019850625061,-0.188245956147067
"ACGTCCTGTGACAGGT-1","Tumor_Epithelial",0.209418932854943,-0.126297437030124,-0.229317796652848,0.168466985309842,0.935264574968184
"ACGTCCTTCCGAGAAG-1","Normal_Epithelial",0.241721943457207,-0.144088823476127,-0.352488533427287,0.192074104237002,-0.155740581378326
"ACTATTCCATTATGCG-1","Normal_Epithelial",0.197500825545492,-0.130904831643663,-0.0064936931823707,0.176359324898868,-0.441738087395204
"ACTATTCGTATGCGTT-1","Normal_Epithelial",0.517033654342417,-0.184693137055742,-0.343912097137999,0.381451321864417,-0.645128616101992
"ACTATTCGTCCCGGTA-1","Normal_Epithelial",0.349326736429425,0.242694509084635,0.00231037122439837,0.0159835005231701,-0.126258532734155
"ACTGTGATCAATCCAG-1","Tumor_Epithelial",0.160505322019955,-0.151077918478448,-0.459307016398934,0.224460412084477,0.352762478736976
"ACTGTGATCCCAAGCG-1","Tumor_Epithelial",0.280475360902523,-0.182993104560149,-0.369942456903691,0.898466467328811,-0.344030449332537
"ACTTTCACACCGTGAC-1","Normal_Epithelial",0.327491908267856,-0.132612859647364,-0.40747845535322,-0.0986827899785028,0.0766268009167363
"ACTTTCACACGCGCAT-1","Normal_Epithelial",0.0384761996211358,-0.320115441808069,-0.205729063384815,-0.71062576205861,-0.430926117475638
"ACTTTCACATGAAGCG-1","Tumor_Epithelial",0.341897612676008,-0.34625229247467,-0.425918899380485,-0.191994755219402,-0.707341953838019
"ACTTTCAGTCACTCGG-1","Tumor_Epithelial",-0.547043537404382,-0.144912316231836,-0.708117329766246,-0.470133117174752,-0.151824320228272
"ACTTTCATCTTAGCCC-1","Tumor_Epithelial",0.149857703012634,-0.290550562696159,-0.49220226396808,-0.185371129284783,-0.0825209706387451
"AGACACTCAAGTAGTA-1","Tumor_Epithelial",0.0925665356193099,0.0236615826724856,-0.242321022664515,0.0309344887955745,-0.416163245864744
"AGACACTGTAGCGTAG-1","Normal_Epithelial",0.237619885114151,0.0654864136767063,0.0239106681378074,0.0866678310483957,-0.710553249157493
"AGGGAGTAGTAGGAAG-1","Normal_Epithelial",0.0641810454907872,0.136967539378685,0.00965215692076415,0.292436996587025,-0.606926271810231
"AGGGAGTCAGACCTAT-1","Tumor_Epithelial",-0.198719738370652,-0.0852399011446414,-0.568187785029493,-0.0283535825176437,-0.03628597634894
"AGGGTGAGTACTGAGG-1","Normal_Epithelial",0.216367363344875,-0.0858396197602049,-0.630949946087582,-0.110948970248542,0.235165445742485
"AGGGTGAGTCCACACG-1","Tumor_Epithelial",-0.0579399738920447,0.0552336443410505,-0.779021862249845,0.0883106686367403,0.499581728108241
"AGGGTGAGTTGGAGGT-1","Tumor_Epithelial",0.124735224436908,-0.189506228459675,-0.527252118863076,-0.119729673406688,-0.126359066542234
"AGGGTGATCTAGTCAG-1","Tumor_Epithelial",-0.00861286926215254,0.168080858087693,-0.0161023698947602,-0.396425473779521,-0.00608087421934167
"AGTAACCAGCACTCTA-1","Tumor_Epithelial",0.0385138981220683,-0.13868155611604,-0.321649445317113,0.424151546393327,0.0123473048178828
"AGTAACCAGGTTGCCC-1","Normal_Epithelial",-0.0407528518706857,0.187403208855016,-0.398370585353165,0.0637471252133839,-0.23295913004791
"AGTAACCCAAGTCGTT-1","Normal_Epithelial",-0.0372476222271643,0.0813821259476728,-0.540611868520427,-0.0340633981958827,-0.474503759024623
"AGTAACCCATCCTTCG-1","Tumor_Epithelial",0.333732278680686,0.0979852590169981,-0.377944837576585,0.318644804013427,0.498732192696521
"AGTAACCGTCAAGCCC-1","Tumor_Epithelial",-0.35070270424367,-0.365100498788087,-0.114321070379052,-0.234381194074602,0.0153979181182338
"AGTAACCTCAAAGGTA-1","Tumor_Epithelial",-0.0174674221129747,-0.257365800143097,-0.372088414339842,-0.0164789626038264,-0.367904083654459
"AGTAGTCAGACCATTC-1","Normal_Epithelial",0.314581791125125,0.163400651801123,0.125924149900562,0.574528092179568,-0.699950506347857
"AGTAGTCAGCGACATG-1","Normal_Epithelial",0.124886152914793,-0.0275863973872058,-0.0331267477945851,-0.104670686667622,-0.217289178123571
"AGTAGTCAGGTTGCCC-1","Tumor_Epithelial",0.0544434345522267,0.0787766477733023,-0.173560266035357,0.0352080223183402,-0.295819254333658
"AGTAGTCCAACGCATT-1","Tumor_Epithelial",0.218219247382029,0.180428684179216,-0.315251421956867,-0.0541656418000225,0.465016574757874
"AGTAGTCCAAGTCGTT-1","Tumor_Epithelial",0.440073605377573,-0.207722518018337,-0.230824758738855,-0.209210899506748,-0.3341680737241
"AGTAGTCCACAAATCC-1","Tumor_Epithelial",-0.144057308033556,-0.0896351908785589,-0.500879935530995,0.29853988409744,0.315412962842247
"AGTAGTCGTATAGGAT-1","Tumor_Epithelial",0.495987505463868,0.118162933348888,-0.0196182379765466,0.00592054506081419,-0.300679035910745
"AGTGACTAGTGGCCTC-1","Tumor_Epithelial",0.529578895503738,0.0579830053095202,0.188978414294461,0.533153709059601,-1.23651926454871
"AGTGACTCACGCGCAT-1","Normal_Epithelial",0.261803747844137,-0.415292578461004,-0.345804954032691,-0.0323975975708148,0.000842258618843683
"ATGAGTCAGCTGGTGA-1","Normal_Epithelial",0.121600160879337,0.0929452140697175,-0.202862828649825,0.141662439389096,0.323044139462877
"ATGAGTCCAAGTAGTA-1","Normal_Epithelial",0.0443947406371703,0.0878982743768073,-0.474979448752879,0.258788175922434,-0.336781235189903
"ATGAGTCGTCGTATGT-1","Tumor_Epithelial",0.087386145622903,0.0321255678248619,-0.160741418877351,0.101228052415367,-0.314839435290929
"ATGAGTCTCCATTGCC-1","Tumor_Epithelial",0.364010154771035,-0.509196855326943,-0.267288306141812,-0.418170035839484,-0.485879762422128
"CACAGATGTATACCTG-1","Tumor_Epithelial",0.256117352729605,0.062162523413637,-0.267665900994803,-0.489647213462968,0.369246534842262
"CACAGATGTCCTTAAG-1","Tumor_Epithelial",0.398790612398949,0.175433400853803,-0.202213495951794,0.302779465116325,-0.78414010795677
"CACAGATGTGACAGGT-1","Normal_Epithelial",0.294777836345283,-0.212028116953016,-0.371391837812302,-0.129608223706602,0.0780257225353704
"CAGCAGCAGTGCGTCC-1","Tumor_Epithelial",0.183072827788194,-0.192009092014097,-0.0745624425415803,0.796607909558522,0.254971194846764
"CAGCAGCTCCGTATGA-1","Normal_Epithelial",-0.00865575751173342,-0.13343937878098,0.040904438610927,-0.187004233333017,-0.818158654325183
"CAGCGTGAGGTACAGC-1","Tumor_Epithelial",-0.0770909113266061,-0.275239459492495,-0.52870989170802,-0.317748751159439,-0.529533909195507
"CAGCGTGCACAGAGAC-1","Tumor_Epithelial",-0.0906260092938185,-0.191916971840449,0.0473251394807972,0.400098520837562,-0.123421779467933
"CAGCGTGCAGGTTCAT-1","Normal_Epithelial",-0.143399994569815,-0.482989993912767,-0.0601290314592107,-0.0875958831282073,0.0894719480942012
"CAGCGTGGTGCCTTCT-1","Normal_Epithelial",0.139386126310221,-0.207271736865879,-0.938746972521566,0.11549254369962,-0.581131067722692
"CAGCGTGGTTGGGATG-1","Tumor_Epithelial",-0.0254811196108256,-0.0470435935520465,-0.414765066948967,-0.116589505697363,0.0769900351957877
"CAGGCCAAGCACCTGC-1","Tumor_Epithelial",0.157325835204129,-0.238069315580494,-0.481055984772575,-0.0315302563120825,0.169984487078985
"CAGGCCAAGCGAATGC-1","Normal_Epithelial",-0.0177728780613524,-0.340302208437742,-0.279159420432874,-0.0620941991710482,-0.513662651773178
"CAGGCCAAGCGACATG-1","Normal_Epithelial",0.310434987424603,-0.130780453392934,-0.0762399554967563,-0.379618876322045,-0.486605050869819
"CAGGCCAAGCTCTGTA-1","Normal_Epithelial",0.127657235050982,0.117829642413607,0.161521429171068,-0.129016296954902,-0.690228587838247
"CAGGCCAAGGAACTCG-1","Normal_Epithelial",0.0879485681286036,0.0550586975621914,-0.0824479623086429,0.299254816782792,0.152200814518041
"CAGGCCAAGTCCCAAT-1","Normal_Epithelial",0.0893446893319514,0.016883954652133,-0.375824651698341,-0.20387706565469,-0.377254715057108
"CAGGCCAAGTGCGTCC-1","Normal_Epithelial",-0.106753599014914,-0.107377994979608,-0.295166891362501,-0.0835526898332404,-0.328142270570346
"CAGGCCAGTGGCTTAT-1","Tumor_Epithelial",0.0487350083018232,0.101662903329753,-0.329578480094272,0.204331650757243,0.482471902513919
"CAGGCCATCAAAGGTA-1","Tumor_Epithelial",0.591509297870244,0.0200738379319336,0.0383305361161044,-0.465058372619666,-0.692364953352078
"CAGGCCATCCGCTTAC-1","Normal_Epithelial",0.00834063824680675,-0.348383889065188,-0.515757510266049,-0.203594755002483,-0.0836437951717477
"CAGGCCATCCTTCACG-1","Normal_Epithelial",-0.0796247979107465,-0.0813540713522295,-0.342807325409849,-0.453119694685238,0.00132372495480704
"CATACAGAGTGGCCTC-1","Tumor_Epithelial",0.561395696148824,0.0783996815230719,-0.0300103940507921,0.277930762007216,0.511160874486314
"CATACAGCAATAGTAG-1","Tumor_Epithelial",0.343229335576906,0.0338160414631147,-0.274566279258304,0.282969887782584,-0.0468770933835301
"CATACAGGTCACGCTG-1","Tumor_Epithelial",0.0919529605182881,-0.138605443622362,-0.311636068179957,-0.0403555927765704,0.298152733389624
"CCCTCTCAGAGAGCGG-1","Normal_Epithelial",0.0428423130665438,-0.203149501790444,-0.461426013539395,-0.0830376208837944,-0.0769703817712972
"CCCTCTCAGGGCGAAG-1","Tumor_Epithelial",-0.281048992545659,-0.0544224788318719,-0.195283206886522,-0.140391272949368,-0.490137488398605
"CCCTCTCCACCAGCGT-1","Tumor_Epithelial",-0.0210424259580364,-0.272108669179745,-0.363507844152037,0.00946722421656454,-0.124658937965372
"CCCTCTCCACTACGGC-1","Tumor_Epithelial",0.0371923581435345,-0.218309765962106,-0.492081810442543,0.0703290032879131,0.251171968553234
"CCCTCTCCATGAATAG-1","Tumor_Epithelial",-0.566999741907279,-0.0888759246717946,-0.487133931817985,-0.123838995750831,-0.204476274791451
"CCCTCTCGTCCACACG-1","Normal_Epithelial",-0.104372589266621,-0.312258640783356,-1.02686435696021,-0.257452850338489,0.114430858545175
"CCCTCTCGTCCCGTGA-1","Normal_Epithelial",0.31851822364569,0.277468216357917,0.0576723155525742,0.447222566793532,0.236435402057743
"CCCTCTCGTTACACAC-1","Tumor_Epithelial",-0.127406839988158,-0.0387621241745495,-0.814784621300751,0.255348448514421,-0.28814812584486
"CCCTCTCTCCAACTAG-1","Tumor_Epithelial",-0.311747401490797,-0.397775853858554,-0.471545600719429,-0.0367301869962993,-0.149534174185474
"CGGCAGTAGATGCTTC-1","Tumor_Epithelial",0.297614894872158,-0.0696031582943797,-0.0421350585738058,-0.250319169970022,-0.298812426164964
"CGGCAGTAGCACCTGC-1","Normal_Epithelial",0.27304937667493,0.113664068482717,-0.0185830586858453,0.454332961991658,-0.141597539631123
"CGGCAGTCAATCTCGA-1","Tumor_Epithelial",0.380684174346774,-0.126947320396623,0.172338196173083,0.446446148767192,0.057950244404201
"CGGCAGTCACCAGCGT-1","Normal_Epithelial",-0.0341984847396932,-0.391361816499514,-0.286883436377515,-0.17268796020574,-0.656153470933508
"CGGCAGTGTGATTGGG-1","Tumor_Epithelial",0.23152024981709,-0.328204908398786,-0.0621061300615386,-0.176848232087736,-0.292099941358785
"CGGCAGTTCGTCGGGT-1","Normal_Epithelial",0.268048419289388,0.292852769501101,0.273203325026796,-0.398406436745032,0.00708828380472548
"CGTCCATAGCTTAAGA-1","Tumor_Epithelial",0.319230099971138,-0.337122389492439,-0.481279844288121,-0.0926175055750165,-0.29892840580689
"CGTCCATAGTGTTGAA-1","Normal_Epithelial",0.190595093237438,0.125219932096636,0.112174063922787,0.310878297244545,-0.604640936663568
"CGTCCATGTAACTTCG-1","Tumor_Epithelial",0.0181803463940515,0.010196267035526,0.23962274863309,-0.033144852355488,0.123470722684671
"CGTCCATGTGACAGGT-1","Normal_Epithelial",0.0376351364447385,-0.145513692509986,-0.401614346123954,0.108231963017939,-0.260958942123529
"GAGGGTAAGATCGCCC-1","Tumor_Epithelial",0.356939225105216,-0.187703331132827,-0.429527569228963,-0.184911938180734,-0.671263431470706
"GAGGGTAAGCTCTGTA-1","Tumor_Epithelial",0.245142997009367,-0.172932874411722,0.208765205764451,0.303530995353404,-0.212236292041804
"GAGGGTAAGGTACAGC-1","Tumor_Epithelial",-0.220917389183104,-0.277868164991485,-0.526552104467584,0.0865135121833456,0.0645509853501862
"GAGGGTAAGTGTTGAA-1","Normal_Epithelial",-0.0380908726339799,0.0123146578869238,0.0183649500137373,0.232625632442478,-0.466231900333144
"GAGGGTAGTAACTTCG-1","Normal_Epithelial",0.168011999055143,-0.289678469529742,-0.265274906486872,0.0936425127489002,-0.110743239604051
"GAGGGTAGTCACGCTG-1","Tumor_Epithelial",-0.0592355331724248,-0.0534718967101108,-0.140110350417989,-0.037666044541214,0.344856193297807
"GAGGGTAGTTAAGTCC-1","Normal_Epithelial",-0.0216869724111641,-0.02859893665638,-0.240158468559075,-0.113820881620497,-0.391166152367489
"GAGGGTAGTTAGGAGC-1","Normal_Epithelial",0.216322630730554,-0.102616781609865,-0.454629218537353,0.102342757641728,0.2499748829996
"GAGTTGTAGAAATTGC-1","Tumor_Epithelial",0.123013043467143,-0.0336717370708844,-0.278209167074032,-0.048319442765729,0.0609478300021049
"GAGTTGTCAGCTGCCA-1","Tumor_Epithelial",-0.033044488680539,-0.321350530279749,-0.431225655391557,-0.538844071106016,-0.635778989285805
"GCGTTTCAGCCTCTTC-1","Tumor_Epithelial",0.491517759144509,0.206959250027227,-0.263687440362534,0.109117264761502,0.133949963016394
"GCGTTTCGTCACGCTG-1","Tumor_Epithelial",-0.475296735189276,-0.135281649157878,-0.534534177983334,0.0226039617828095,0.184920028419318
"GCGTTTCGTCTTCATT-1","Normal_Epithelial",0.260207506841683,0.236485625455927,0.0686730070291417,-0.102273143156812,-0.40591831519002
"GCGTTTCTCTGCCCTA-1","Tumor_Epithelial",0.0395076892739563,-0.207361994887209,-0.0720209753935981,0.25532504931045,-0.00648551895354998
"GGTAACTCATGAAGCG-1","Tumor_Epithelial",-0.0590888849010469,-0.0924514561514196,-0.516064357339367,-0.231235707933811,0.145598551144531
"GGTAACTGTTAAGTCC-1","Tumor_Epithelial",0.0050891210915629,0.152942762601615,-0.421318707619084,-0.191318148113111,0.513164695486584
"GGTAACTTCAGGGATG-1","Tumor_Epithelial",-0.0220510066989756,-0.0376428647127519,-0.414587232231494,0.177129076302439,0.628945971235894
"GGTAATCAGCCTCTGG-1","Normal_Epithelial",-0.0412597351764985,-0.0992291615708526,-0.310923027706831,-0.0436350562774876,-0.616272459525392
"GGTAATCCACTACGGC-1","Normal_Epithelial",-0.0157422057576753,-0.67732324310743,-0.737307680804531,-0.554264520593226,-0.806760244996218
"GGTAATCCATGTTCGA-1","Normal_Epithelial",0.0692911974301196,-0.149348994716832,-0.306992122300337,0.1775441730173,-0.33960747001721
"GGTAATCGTAACGCGA-1","Tumor_Epithelial",0.353873682933608,-0.234562581904074,-0.431470230826096,-0.392920863892658,-0.405735487546266
"GGTAATCTCGTCGGGT-1","Tumor_Epithelial",0.0173015887174277,-0.0829866264095142,-0.305777051085559,0.31772173505092,0.348244948207843
"GGTAATCTCGTTTACT-1","Tumor_Epithelial",-0.220799908331635,0.097537437637379,-0.555401091122443,-0.0195764713335607,-0.125516158724343
"GGTAATCTCTGCCCTA-1","Tumor_Epithelial",0.196219243668583,0.191850209801845,0.000417350400605088,-0.0837219128446736,-0.82276410631642
"GTCAAGTAGGTTGCCC-1","Tumor_Epithelial",0.10377339439149,0.0577761178706431,0.191062301124134,0.00304847615485793,0.62500846122146
"GTCAAGTAGTATAACG-1","Tumor_Epithelial",0.187321955266635,-0.211116518688141,0.131941300613416,0.630191808340378,-0.924104223851673
"GTCAAGTCACAAATCC-1","Tumor_Epithelial",0.229017040245852,-0.0373893770690369,-0.285974653418344,-0.200094675906926,-0.685532792486357
"GTCAAGTGTCGTATGT-1","Tumor_Epithelial",0.0291460569167781,-0.0515084460631134,-0.268452240506934,0.358104243096817,-0.494726971111588
"GTCAAGTTCCGGACGT-1","Tumor_Epithelial",-0.113238654163282,0.126997935905308,-0.36831259566893,-0.0232931356350281,-0.0209667747965547
"GTGAGCCAGGCCTAGA-1","Tumor_Epithelial",0.0381464708357626,-0.195708190618733,-0.35961727477957,0.257644762164244,-0.31828951015488
"GTGAGCCAGGTCTACT-1","Tumor_Epithelial",0.286024525390002,-0.303892610108612,-0.164372877518175,-0.381520740524128,-0.692685253432616
"GTGAGCCCAACCAATC-1","Tumor_Epithelial",0.240942411265081,-0.261380026777249,0.26468469528363,0.215131491456399,-0.498584975183437
"GTGAGCCCAATCTCGA-1","Tumor_Epithelial",0.395862130179275,0.0264784049114679,-0.355648198843317,0.879467486085983,0.939455229843303
"GTGAGCCGTTAAGTCC-1","Tumor_Epithelial",0.0892961979108926,0.0474543299401253,-0.290718432869322,0.421483014856921,0.358967019975431
"GTGAGCCTCTCGAGTA-1","Tumor_Epithelial",0.407666741931243,-0.000595159247716581,0.0697695143701551,-0.346638451465223,-1.03302589780488
"GTGGAGAAGTCTTGGT-1","Normal_Epithelial",0.144873610424086,-0.25693681872016,-0.356096348919026,0.357165492506466,0.341760057325419
"GTGGAGACACTACACA-1","Tumor_Epithelial",0.40359233146206,0.11450703303984,-0.00853569803924148,0.228795240569737,-0.536489997619314
"GTGGAGATCAATCCAG-1","Normal_Epithelial",0.368297487024105,-0.0638450286774684,-0.224248005969607,0.523228679228043,-0.222283662295428
"GTGGAGATCCCAAGCG-1","Normal_Epithelial",0.149280581417727,-0.139829950631812,-0.200171712759975,-0.156724314985345,-0.254637044348025
"GTGGAGATCGCCACTT-1","Normal_Epithelial",-0.252584848588842,-0.204750432115036,-0.282600195363514,0.14744537175304,0.0938625570032925
"GTGTGGCAGATACCAA-1","Tumor_Epithelial",0.115366631014714,-0.0575388554259167,-0.324647019967812,0.596078910315036,-0.10650628835922
"GTGTGGCAGTAGTCTC-1","Normal_Epithelial",0.0695047770675319,-0.00215669320538714,-0.397719773470957,-0.019676438870659,0.0334137493410558
"GTGTGGCGTACGGGAT-1","Tumor_Epithelial",0.144579425213921,0.00127105040957642,0.0616693390925249,0.447610058398235,0.332923622094576
"GTGTGGCGTCAAGCGA-1","Tumor_Epithelial",-0.126088849835303,0.0251982788417335,-0.346803148647934,-0.248420069840834,-0.0394046938039738
"GTGTGGCTCTGAATCG-1","Normal_Epithelial",0.314619849923423,-0.150620868487175,-0.21498010764626,-0.144100823134849,-1.07835004252155
"TAACACGAGTGTGTTC-1","Tumor_Epithelial",0.279638592599488,0.420988382289072,0.00196279550052747,0.240935443976246,-0.499880854472662
"TAACACGCATCCTATT-1","Tumor_Epithelial",0.0883583684499614,0.247437329102265,-0.174470920961266,0.134852172487236,-0.31532403175989
"TAGGAGGCAGGGAATC-1","Normal_Epithelial",0.0331628839237585,-0.140880083401392,-0.369552547358762,-0.0695945293899543,-0.231497493682939
"TAGGAGGCATCTCCCA-1","Normal_Epithelial",-0.0487019192875937,-0.15473460399744,-0.231058327041766,0.230724147366404,0.185415633537761
"TAGGAGGGTACGGGAT-1","Normal_Epithelial",0.0378469305159379,-0.0345447094964109,0.168124270796706,-0.316403455853392,-0.352768816692008
"TAGGAGGGTTGGACCC-1","Tumor_Epithelial",0.193381733065247,0.291637128862747,-0.099840952910899,-0.209697943046893,-0.311451308328161
"TAGGAGGTCGCCCAGA-1","Tumor_Epithelial",0.226671440968442,-0.190874039854634,0.132455401907184,0.430195675078122,0.153196703990283
"TATTGCTCATGAATAG-1","Tumor_Epithelial",-0.0101030710201053,-0.0432245146977225,-0.162234644320858,-0.107736423974145,-0.435699208152415
"TATTGCTGTACGGGAT-1","Tumor_Epithelial",0.185092120360983,-0.00418087174813475,-0.156088681552174,-0.114680740547244,0.307015196125317
"TATTGCTGTGATTGGG-1","Tumor_Epithelial",0.167183563809981,-0.145608694449585,-0.00633148601914457,0.0976490333329898,0.36029760791354
"TATTGCTGTGTCTAAC-1","Tumor_Epithelial",-0.0814708437773932,-0.116549099562509,-0.34088676706153,-0.247163418218553,0.0845932493207773
"TATTGCTGTTCCGTTC-1","Normal_Epithelial",0.100757990387917,-0.22820359678596,-0.0534381845200012,0.101530623362067,-0.622455331770461
"TATTGCTTCCGCACGA-1","Normal_Epithelial",-0.170228897375656,-0.322780093720179,-0.603328582675212,-0.241733861058348,-0.339521846111628
"TATTGCTTCGCCACTT-1","Tumor_Epithelial",0.396402599188005,-0.0241307010491218,0.0347536663405714,-0.0301061528235556,-0.526652222063006
"TCACGCTCACAGAGAC-1","Tumor_Epithelial",0.0501194699975938,-0.0485182836627356,-0.559230346401939,-0.0952564360656882,-0.361220910621482
"TCACGCTCACGCGCAT-1","Normal_Epithelial",0.0300884772007024,-0.130677268192453,-0.401641254368302,0.0799918084787528,-0.261149834319464
"TCACGCTCAGACCTAT-1","Tumor_Epithelial",0.295535189350413,-0.311425790167516,-0.313232546671251,-0.501138522764632,-0.333796364607496
"TCCAGAAAGACCATTC-1","Normal_Epithelial",0.197938709973709,-0.278786588376119,-0.136203698179512,0.103594187222488,-0.111470408649759
"TCCAGAACATCAGTGT-1","Normal_Epithelial",0.053714967146361,-0.158674673506921,-0.614471397842631,-0.0114815678215734,0.493675804123508
"TCCAGAAGTCGTGCCA-1","Normal_Epithelial",0.637430356808886,-0.0900950859488308,0.359681637247287,-0.296029679305151,-0.489734699931254
"TCCAGAATCATCGCTC-1","Tumor_Epithelial",0.0409564064184684,-0.10754118451105,-0.172869202255741,0.109375179796833,-0.45889684030361
"TCCAGAATCCTGCTAC-1","Tumor_Epithelial",0.682207094848933,-0.15253861928655,-0.129183226783171,-0.208246184347042,-0.520226888456022
"TCCAGAATCTGGCTGG-1","Tumor_Epithelial",0.734551958126005,0.0978558540710779,0.324728503298877,0.905762438792406,-0.51279631761695
"TCCAGAATCTGTGCGG-1","Tumor_Epithelial",-0.269263187833657,0.0136814743931789,-0.134945396580664,-0.138693872076132,-0.257385806665998
"TCGAAGTAGATCGCCC-1","Tumor_Epithelial",0.115112635048972,0.086026290618033,-0.526265634932218,0.29053064438488,0.125395097563649
"TCGAAGTAGTAGTCTC-1","Tumor_Epithelial",0.335240708248591,0.0611293670081603,-0.232646961424901,0.00391432294079075,-0.388173725724688
"TCGAAGTCACTACACA-1","Tumor_Epithelial",0.0762729523831416,-0.15086977906046,-0.16278868640256,0.00957848014884566,-1.07622656114638
"TCGAAGTCAGTGTGCC-1","Tumor_Epithelial",-0.0972301646305918,-0.0940586285364968,-0.297713197148934,-0.0377698555866157,0.100406084124575
"TCGAAGTGTCGTATGT-1","Tumor_Epithelial",0.132481847799903,-0.202526838462578,-0.984777094586116,0.0367681315462076,-0.912727202370071
"TCGAAGTGTGCGGTAA-1","Tumor_Epithelial",-0.373621551178635,-0.151592856959486,-0.719139008962564,-0.034595480119807,-0.439185964892397
"TCGAAGTGTTAGGAGC-1","Normal_Epithelial",0.499190973854534,0.279227427464106,-0.0493749298327681,0.266475458655328,-0.137012616722961
"TCGAAGTTCAAGAAAC-1","Tumor_Epithelial",0.228871753043018,0.065804142121914,-0.321256721213164,0.522149628385241,0.000519944910160275
"TCGAAGTTCACAAGAA-1","Normal_Epithelial",0.0351009086248424,0.137470147302935,-0.89704297134359,-0.0587303512135613,-0.25520009425201
"TCGCTCACAATTAGGA-1","Normal_Epithelial",0.173541044171452,-0.11170100562754,-0.137803142650671,0.120436691380885,-0.497878460731202
"TCGCTCACAGCAGTGA-1","Tumor_Epithelial",-0.0268417014806315,-0.0713878878746224,-0.798636736776119,-0.226632062877081,-0.0714510582207866
"TCGCTCAGTTAAGTCC-1","Normal_Epithelial",0.0780181025155029,-0.0587957425983956,-0.418311194321348,-0.0439773928189235,-0.0735700396621783
"TCGCTCATCGACGCGT-1","Tumor_Epithelial",0.121313783933522,-0.239982857266474,-0.0191421817050308,-0.054735032327339,0.406506804250818
"TGCTCGTCACGCGCAT-1","Tumor_Epithelial",-0.112928047280163,-0.142167860687326,-0.92668366428075,-0.578143723422079,-0.72188518899798
"TGCTCGTCATGAATAG-1","Tumor_Epithelial",0.31763920936519,-0.0658577756666313,0.047109006942925,-0.080875094600257,0.752804010681199
"TGCTCGTGTATAGGAT-1","Normal_Epithelial",-0.100927584294692,0.0101062398848182,-0.307032668067705,0.175481565061075,-0.390959940892802
"TGCTCGTGTTCGGCTG-1","Tumor_Epithelial",0.231221329996322,0.481091051827089,0.0805367742624241,1.01463260472141,-0.920778115079976
"TGCTCGTTCGCGGTAC-1","Tumor_Epithelial",0.0652927958112295,-0.104346429361938,0.0066863318012178,0.00931293570578484,0.113221902886889
"TGCTCGTTCTTAGCCC-1","Tumor_Epithelial",0.127222455924634,-0.0776382530637422,-0.404629538019062,-0.180682363070902,-0.407420818162666
"TGGTACATCCCGTTGT-1","Tumor_Epithelial",-0.0308883528425539,-0.0199630081140666,-0.557953716780922,-0.603255835829523,-0.435133316297008
"TGGTACATCGAACGCC-1","Tumor_Epithelial",0.407801853883281,-0.156825998991667,0.0813748068850346,-0.638692440185518,-0.416639254351498
"TGTCCTGAGGCGTTAG-1","Normal_Epithelial",0.000274064720540368,-0.241911924257367,-0.773108260752993,-0.258212613137463,-0.403399944146983
"TGTCCTGCAAGAGTAT-1","Tumor_Epithelial",-0.0911569178553087,-0.205316688411436,0.116760992667485,-0.139284775258475,0.551692047739486
"TGTCCTGCACCGTGAC-1","Tumor_Epithelial",0.243336597359758,-0.159878401294869,-0.416905430500416,0.115335383466515,-0.129830940973796
"TGTCCTGCAGTGTGCC-1","Tumor_Epithelial",0.221067689588192,-0.201743743562194,-0.29445805906955,-0.374660065650069,-0.133380697107559
"TGTGATGAGCACCTGC-1","Normal_Epithelial",-0.00191937560967115,0.0217588250259358,-0.563413183198407,0.265521058742823,0.191856813349241
"TGTGATGCACGCGCAT-1","Tumor_Epithelial",0.0825421884755697,-0.148024827838284,0.055783671663719,-0.274410374805217,-0.191223014778931
"TGTGATGGTCGGTGTC-1","Tumor_Epithelial",0.342615031978535,-0.199304975350327,-0.46227656516551,0.038850030071262,0.314068590203081
"TGTGATGTCTGGCTGG-1","Tumor_Epithelial",0.219211790125431,-0.380668673190492,-0.321057979112595,-0.143150718829971,0.514619557144252
"TTACAGGAGCTTGTTG-1","Normal_Epithelial",0.145031770556697,-0.308555139697558,-0.206779999746652,-0.517901029814127,-0.166094001193946
"TTACAGGCATGGCTAT-1","Normal_Epithelial",0.136282488806814,-0.0806756491168369,-0.229845772841153,-0.18998923280252,-0.685419885178568
"TTACAGGTCAAGAAAC-1","Normal_Epithelial",0.0934481414378645,-0.157614161657951,0.123393893552005,-0.0425776415968855,-0.712852494659402
"TTACAGGTCAATCCAG-1","Tumor_Epithelial",0.193838842095138,-0.069639679780268,-0.650438334391667,-0.355332568168954,-0.588646138208191
"TTACAGGTCGCCACTT-1","Normal_Epithelial",-0.165848070897074,0.0555493162989525,-0.448269887273155,0.212988676941247,0.322384691112877
"TTCGATTAGCTCTGTA-1","Normal_Epithelial",-0.0130311466445714,-0.0849505521053969,-0.228631782492243,0.137104778050205,-0.0473379876287929
"TTCGATTCAACCAATC-1","Tumor_Epithelial",0.0595042481315047,-0.0467331274840532,-0.720707290203632,-0.150828405571014,0.436340341587552
"TTCGATTCAAGTCGTT-1","Tumor_Epithelial",0.146418812868641,-1.16505393399358e-05,0.160689698887662,0.871213271275197,-0.127009369772856
"TTCGATTGTAATGCTC-1","Tumor_Epithelial",-0.0281542419430125,-0.229213824571158,-0.594719312581186,-0.307320141397565,-0.494767335720149
"TTCGATTGTCACGCTG-1","Normal_Epithelial",0.142095466681258,0.161056704209397,-0.135103702453227,0.264876322052782,0.399135915684155
"TTCGATTGTTGGAGGT-1","Tumor_Epithelial",0.295153417578991,-0.037746306436989,-0.14741410366262,0.0589525546706264,-0.089095699561325
"TTGTTTGAGACGTCGA-1","Tumor_Epithelial",0.149294304867708,-0.0434393859247237,0.0330592363548883,0.00155336524163352,-0.484092535181939
"TTGTTTGAGGTTGGAC-1","Normal_Epithelial",0.302983597683564,-0.284534578067438,-0.372585234429913,-0.344658741123435,-0.23994132524376
"TTGTTTGGTCAAGCCC-1","Normal_Epithelial",-0.0144723593954543,-0.0174927742105905,-0.558234453496769,-0.0922624467248567,-0.42039751090427
"TTGTTTGTCGCCACTT-1","Tumor_Epithelial",0.0801054542096387,-0.0999864406648643,0.176683214451426,-0.132982480085652,-0.439984070812322
"TTTCATGAGACGTCGA-1","Normal_Epithelial",0.160702725738204,-0.166891884528429,-0.33547005074937,0.18750167148418,-0.0948803248281844
"TTTCATGCAAACCATC-1","Tumor_Epithelial",0.203902582375994,0.144725384492354,-0.298955810087811,-0.0590512906124354,-0.43243507641106
"TTTCATGCAATCAAGA-1","Tumor_Epithelial",0.0292397149686661,-0.438282527201927,-0.321290957182565,0.170657551352915,-0.176584844521989
"TTTCATGGTAGAATGT-1","Normal_Epithelial",0.169218959169001,-0.0699934582420733,0.21744492837231,0.140194524178751,0.493220748262546
"TTTCATGGTTAAGTCC-1","Normal_Epithelial",0.0876099919046935,0.0675018608126724,0.147082066870665,0.390257209322468,-0.133651295405365
"TTTCATGTCGTAGAGG-1","Tumor_Epithelial",0.1702775157957,-0.187493602578464,-0.395832869434458,-0.377122872429567,-0.297341905938336
"TTTCATGTCTCACTCG-1","Normal_Epithelial",0.182503317866972,-0.532601339992265,-0.552935341589089,-0.617053469921497,-0.568265165628553
"TTTCGATAGCATTGAA-1","Tumor_Epithelial",0.0191520651295001,-0.272777604775432,-0.223915755250502,0.0508639251440735,-0.191444863274119
"TTTCGATGTTGGGATG-1","Tumor_Epithelial",-0.0957871997714298,-0.184590418241882,0.0886241428152506,0.215854768596691,0.0622625340664139
"TTTCGATTCACAAGAA-1","Tumor_Epithelial",-0.0388059601424331,0.0760684306965981,-0.474102396202825,-0.0133045616028151,-0.37795859435171
"TTTGTTGAGAGAGCGG-1","Tumor_Epithelial",0.320905077363587,0.0345920870891815,-0.856910861137196,-0.647829006841743,-0.368612792718946
"TTTGTTGCAACCAATC-1","Tumor_Epithelial",-0.185323203913211,-0.189904116378815,-0.373953552205706,0.0557524939348453,0.109369562887028
"TTTGTTGCAATCAAGA-1","Tumor_Epithelial",0.176263816325189,-0.0217082779625831,-0.158465768133092,0.310967338074871,-0.349285648817857
"TTTGTTGCATCAGTGT-1","Normal_Epithelial",0.253966223696332,-0.0902980179450334,-0.162974254272188,0.60121115137345,-0.549967210204119
"TTTGTTGGTGCACAAG-1","Tumor_Epithelial",0.0815847397788827,0.000597982902494576,-0.135665198542212,0.215351934715842,-0.651834722340583
